ticker,section_type,chunk_id,total_chunks,text_preview,text_length,chunk_size,overlap_size,filing_url,extraction_date
AAPL,business,0,3,"Item 1. Business Company Background The Company designs, manufactures and markets smartphones, personal computers, tablets, wearables and accessories, and sells a variety of related services. The Comp...",7921,8000,500,https://www.sec.gov/Archives/edgar/data/320193/000032019324000123/aapl-20240928.htm,2025-09-14T02:48:02.433977
AAPL,business,1,3,"ns within their products, or collaborate to offer integrated solutions that are more competitive than those they currently offer. Supply of Components Although most components essential to the Company...",7949,8000,500,https://www.sec.gov/Archives/edgar/data/320193/000032019324000123/aapl-20240928.htm,2025-09-14T02:48:02.433977
AAPL,business,2,3,"safety and security of its team members, visitors and customers through its global security team. Apple Inc. | 2024 Form 10-K | 4 Available Information The Company&#8217;s Annual Reports on Form 10-K,...",1335,8000,500,https://www.sec.gov/Archives/edgar/data/320193/000032019324000123/aapl-20240928.htm,2025-09-14T02:48:02.433977
AAPL,risk_factors,0,10,"Item 1A. Risk Factors The Company&#8217;s business, reputation, results of operations, financial condition and stock price can be affected by a number of factors, whether currently known or unknown, i...",7837,8000,500,https://www.sec.gov/Archives/edgar/data/320193/000032019324000123/aapl-20240928.htm,2025-09-14T02:48:04.260978
AAPL,risk_factors,1,10,"pany&#8217;s costs, and negatively impact consumer spending and demand in affected areas. The Company&#8217;s operations are also subject to the risks of industrial accidents at its suppliers and cont...",7807,8000,500,https://www.sec.gov/Archives/edgar/data/320193/000032019324000123/aapl-20240928.htm,2025-09-14T02:48:04.260978
AAPL,risk_factors,2,10,"erings and may produce lower revenues and lower profit margins, which can materially adversely impact the Company&#8217;s business, results of operations and financial condition. There can be no assur...",7983,8000,500,https://www.sec.gov/Archives/edgar/data/320193/000032019324000123/aapl-20240928.htm,2025-09-14T02:48:04.260978
AAPL,risk_factors,3,10," a result, from time to time the Company&#8217;s services have not performed as anticipated and may not meet customer expectations. The introduction of new and complex technologies, such as artificial...",7876,8000,500,https://www.sec.gov/Archives/edgar/data/320193/000032019324000123/aapl-20240928.htm,2025-09-14T02:48:04.260978
AAPL,risk_factors,4,10,"thin an application. From time to time, the Company has made changes to its products and services, including taking actions in response to litigation, competition, market conditions and legal and regu...",7823,8000,500,https://www.sec.gov/Archives/edgar/data/320193/000032019324000123/aapl-20240928.htm,2025-09-14T02:48:04.260978
AAPL,risk_factors,5,10,"aterially adversely affect the Company&#8217;s business, reputation, results of operations and financial condition. Losses or unauthorized access to or releases of confidential information, including ...",7872,8000,500,https://www.sec.gov/Archives/edgar/data/320193/000032019324000123/aapl-20240928.htm,2025-09-14T02:48:04.260978
AAPL,risk_factors,6,10,"nst an indemnified third party. The number of claims, legal proceedings and government investigations involving the Company, and the alleged magnitude of such claims, proceedings and government invest...",7525,8000,500,https://www.sec.gov/Archives/edgar/data/320193/000032019324000123/aapl-20240928.htm,2025-09-14T02:48:04.260978
AAPL,risk_factors,7,10,"e environmental, social and governance considerations and implementation of the Company&#8217;s announced goals and initiatives involves risks and uncertainties, requires investments, and depends in p...",7948,8000,500,https://www.sec.gov/Archives/edgar/data/320193/000032019324000123/aapl-20240928.htm,2025-09-14T02:48:04.260978
AAPL,risk_factors,8,10,"rnmental authorities regarding the Company&#8217;s compliance with these obligations. If the Company fails to adequately comply with these rules and requirements, or if health data or financial data i...",7857,8000,500,https://www.sec.gov/Archives/edgar/data/320193/000032019324000123/aapl-20240928.htm,2025-09-14T02:48:04.260978
AAPL,risk_factors,9,10,edit and collectibility risk on its trade receivables is higher in certain international markets and its ability to mitigate such risks may be limited. The Company also has unsecured vendor non-trade ...,4299,8000,500,https://www.sec.gov/Archives/edgar/data/320193/000032019324000123/aapl-20240928.htm,2025-09-14T02:48:04.260978
MSFT,business,0,7,ITEM 1. B USINESS GENERAL Microsoft is a technology company committed to making digital technology and artificial intelligence (&#8220;AI&#8221;) available broadly and doing so responsibly. Our missio...,7888,8000,500,https://www.sec.gov/Archives/edgar/data/789019/000095017025100235/msft-20250630.htm,2025-09-14T02:48:07.659519
MSFT,business,1,7,"ation on our operating segments and geographic and product information is contained in Note 18 &#8211; Segment Information and Geographic Data of the Notes to Financial Statements (Part II, Item 8 of ...",7851,8000,500,https://www.sec.gov/Archives/edgar/data/789019/000095017025100235/msft-20250630.htm,2025-09-14T02:48:07.659519
MSFT,business,2,7,"ication services, AI, Internet of Things, cognitive services, and machine learning. Azure enables customers to devote more resources to development and use of applications that benefit their organizat...",7920,8000,500,https://www.sec.gov/Archives/edgar/data/789019/000095017025100235/msft-20250630.htm,2025-09-14T02:48:07.659519
MSFT,business,3,7," designed to help organizations, students, and consumers be more productive. Growth in Devices is dependent on total PC shipments, the ability to attract new customers, our product roadmap, and expand...",7955,8000,500,https://www.sec.gov/Archives/edgar/data/789019/000095017025100235/msft-20250630.htm,2025-09-14T02:48:07.659519
MSFT,business,4,7,"option of our products and services. We make significant investments in research and development for new and existing products, services, and technologies, including tools and platforms spanning digit...",7984,8000,500,https://www.sec.gov/Archives/edgar/data/789019/000095017025100235/msft-20250630.htm,2025-09-14T02:48:07.659519
MSFT,business,5,7,e licenses of products and services instead of having to acquire separate licenses through retail channels. These volume licensing programs have varying programmatic requirements and benefits to best ...,7939,8000,500,https://www.sec.gov/Archives/edgar/data/789019/000095017025100235/msft-20250630.htm,2025-09-14T02:48:07.659519
MSFT,business,6,7,"creasing authority. Ms. Hogan was appointed Executive Vice President, Office of Strategy and Transformation in March 2025. She previously served as Executive Vice President and Chief Human Resources O...",4675,8000,500,https://www.sec.gov/Archives/edgar/data/789019/000095017025100235/msft-20250630.htm,2025-09-14T02:48:07.659519
MSFT,risk_factors,0,10,"ITEM 1A. RIS K FACTORS Our operations and financial results are subject to various risks and uncertainties, including those described below, that could adversely affect our business, operations, finan...",7999,8000,500,https://www.sec.gov/Archives/edgar/data/789019/000095017025100235/msft-20250630.htm,2025-09-14T02:48:09.496970
MSFT,risk_factors,1,10,"I services, reducing operating margins. Whether we succeed in cloud-based and AI services depends on our execution in several areas, including: &#8226; Continuing to bring to market compelling cloud-b...",7801,8000,500,https://www.sec.gov/Archives/edgar/data/789019/000095017025100235/msft-20250630.htm,2025-09-14T02:48:09.496970
MSFT,risk_factors,2,10,"ties or intentionally designed processes in our or third-party hardware, software, or other infrastructure to attack our products and services or gain access to our networks and datacenters; using soc...",7968,8000,500,https://www.sec.gov/Archives/edgar/data/789019/000095017025100235/msft-20250630.htm,2025-09-14T02:48:09.496970
MSFT,risk_factors,3,10,ses in our development processes can result in vulnerabilities in our products. Open source software can also contain vulnerabilities that may make our products susceptible to cyberattacks as we incre...,7915,8000,500,https://www.sec.gov/Archives/edgar/data/789019/000095017025100235/msft-20250630.htm,2025-09-14T02:48:09.496970
MSFT,risk_factors,4,10,"and could limit adoption of our cloud-based solutions by consumers, businesses, and government entities. Additional security measures we take to address customer or user concerns, or constraints on ou...",7965,8000,500,https://www.sec.gov/Archives/edgar/data/789019/000095017025100235/msft-20250630.htm,2025-09-14T02:48:09.496970
MSFT,risk_factors,5,10,"twork infrastructure to handle more traffic on our websites and in our datacenters. Our datacenters depend on the availability of permitted and buildable land, predictable energy, networking supplies,...",7943,8000,500,https://www.sec.gov/Archives/edgar/data/789019/000095017025100235/msft-20250630.htm,2025-09-14T02:48:09.496970
MSFT,risk_factors,6,10,"businesses, reducing the attractiveness of our products and the revenue that comes from them. New competition law actions or obligations under market regulation schemes could be initiated, potentially...",7979,8000,500,https://www.sec.gov/Archives/edgar/data/789019/000095017025100235/msft-20250630.htm,2025-09-14T02:48:09.496970
MSFT,risk_factors,7,10,;s view of these matters may change in the future. An adverse impact to our financial condition and results of operations could occur for the period in which the effect of an unfavorable outcome becom...,7953,8000,500,https://www.sec.gov/Archives/edgar/data/789019/000095017025100235/msft-20250630.htm,2025-09-14T02:48:09.496970
MSFT,risk_factors,8,10,"development and deployment of AI. &#8226; Data security breaches, cybersecurity incidents, responsible AI failures, compliance failures, or actions of partners or individual employees. Social media ma...",7966,8000,500,https://www.sec.gov/Archives/edgar/data/789019/000095017025100235/msft-20250630.htm,2025-09-14T02:48:09.496970
MSFT,risk_factors,9,10,"ese kinds in developed or emerging markets could negatively impact demand for our products and services, impair our ability to operate in certain regions, or increase operating costs. Although we hedg...",2388,8000,500,https://www.sec.gov/Archives/edgar/data/789019/000095017025100235/msft-20250630.htm,2025-09-14T02:48:09.496970
NVDA,business,0,8,Item 1. Business Our Company NVIDIA pioneered accelerated computing to help solve the most challenging computational problems. NVIDIA is now a full-stack computing infrastructure company with data-cen...,7764,8000,500,https://www.sec.gov/Archives/edgar/data/1045810/000104581025000023/nvda-20250126.htm,2025-09-14T02:48:12.845043
NVDA,business,1,8,"emises. Headquartered in Santa Clara, California, NVIDIA was incorporated in California in April 1993 and reincorporated in Delaware in April 1998. Our Businesses We report our business results in two...",7885,8000,500,https://www.sec.gov/Archives/edgar/data/1045810/000104581025000023/nvda-20250126.htm,2025-09-14T02:48:12.845043
NVDA,business,2,8,"lization We serve the Professional Visualization market by working closely with independent software vendors, or ISVs, to optimize their offerings for NVIDIA GPUs. Our GPU computing platform enhances ...",7941,8000,500,https://www.sec.gov/Archives/edgar/data/1045810/000104581025000023/nvda-20250126.htm,2025-09-14T02:48:12.845043
NVDA,business,3,8,"sumer entertainment and professional visualization applications and create new virtual world and simulation capabilities. Our technologies are instrumental in driving the gaming, design, and creative ...",7749,8000,500,https://www.sec.gov/Archives/edgar/data/1045810/000104581025000023/nvda-20250126.htm,2025-09-14T02:48:12.845043
NVDA,business,4,8,". We purchase memory from SK Hynix Inc., Micron Technology, Inc., and Samsung. We utilize CoWoS technology for semiconductor packaging. We engage with independent subcontractors and contract manufactu...",7837,8000,500,https://www.sec.gov/Archives/edgar/data/1045810/000104581025000023/nvda-20250126.htm,2025-09-14T02:48:12.845043
NVDA,business,5,8,", we understand that partners and customers have also not received a license to ship these restricted products. On January 15, 2025, the USG published the &#8220;AI Diffusion&#8221; IFR in the Federal...",7917,8000,500,https://www.sec.gov/Archives/edgar/data/1045810/000104581025000023/nvda-20250126.htm,2025-09-14T02:48:12.845043
NVDA,business,6,8,"o do ultra-high-resolution predictions of the impact of climate change and explore mitigation and adaptation strategies. Human Capital Management We believe that our employees are our greatest assets,...",7866,8000,500,https://www.sec.gov/Archives/edgar/data/1045810/000104581025000023/nvda-20250126.htm,2025-09-14T02:48:12.845043
NVDA,business,7,8,"luding, beginning in 2006, Chief Financial Officer of the Server and Tools division, where Ms. Kress was responsible for financial strategy, planning, reporting and business development for the divisi...",3504,8000,500,https://www.sec.gov/Archives/edgar/data/1045810/000104581025000023/nvda-20250126.htm,2025-09-14T02:48:12.845043
NVDA,risk_factors,0,16,"Item 1A. Risk Factors The following risk factors should be considered in addition to the other information in this Annual Report on Form 10-K. The following risks could harm our business, financial co...",7912,8000,500,https://www.sec.gov/Archives/edgar/data/1045810/000104581025000023/nvda-20250126.htm,2025-09-14T02:48:14.709796
NVDA,risk_factors,1,16,"cloud services have changed and may continue to shift, impacting our revenue, expenses, and development timelines. NVIDIA DGX Cloud services may not be successful and will take time, resources, and in...",7936,8000,500,https://www.sec.gov/Archives/edgar/data/1045810/000104581025000023/nvda-20250126.htm,2025-09-14T02:48:14.709796
NVDA,risk_factors,2,16,", pandemics or other events. In addition, geopolitical tensions, such as those involving Taiwan and China, which comprise a significant portion of our revenue and where we have suppliers, contract man...",6578,8000,500,https://www.sec.gov/Archives/edgar/data/1045810/000104581025000023/nvda-20250126.htm,2025-09-14T02:48:14.709796
NVDA,risk_factors,3,16,"acture, assemble, test, or package our products reduces our control over product quantity and quality, manufacturing yields, and product delivery schedules and could harm our business. We depend on fo...",7556,8000,500,https://www.sec.gov/Archives/edgar/data/1045810/000104581025000023/nvda-20250126.htm,2025-09-14T02:48:14.709796
NVDA,risk_factors,4,16," due to the actions or inactions of a third party, such as within our supply chain, the cost of defending the claim could be significant and would divert the efforts of our technical and management pe...",7981,8000,500,https://www.sec.gov/Archives/edgar/data/1045810/000104581025000023/nvda-20250126.htm,2025-09-14T02:48:14.709796
NVDA,risk_factors,5,16,"y in the future experience, security incidents arising from a failure to properly handle sensitive information or adhere to our security policies and access control mechanisms, including, for example,...",7783,8000,500,https://www.sec.gov/Archives/edgar/data/1045810/000104581025000023/nvda-20250126.htm,2025-09-14T02:48:14.709796
NVDA,risk_factors,6,16,ents can also have an impact on third-party vendors who provide us critical infrastructure services for IT and research and development systems and personnel. Geopolitical and domestic political devel...,7808,8000,500,https://www.sec.gov/Archives/edgar/data/1045810/000104581025000023/nvda-20250126.htm,2025-09-14T02:48:14.709796
NVDA,risk_factors,7,16,"offer products, services and technologies that we believe will help expand or enhance our strategic objectives. Acquisitions or investments involve significant challenges and risks and could impair ou...",7898,8000,500,https://www.sec.gov/Archives/edgar/data/1045810/000104581025000023/nvda-20250126.htm,2025-09-14T02:48:14.709796
NVDA,risk_factors,8,16,"ty to increase their credit, which could impact the timing and amount of our revenue. The loss of any of our large customers, a significant reduction in purchases by them, our inability to sell to a c...",7781,8000,500,https://www.sec.gov/Archives/edgar/data/1045810/000104581025000023/nvda-20250126.htm,2025-09-14T02:48:14.709796
NVDA,risk_factors,9,16," to manufacture and supply our products and operate our business. For example, we may face increased compliance costs as a result of changes or increases in antitrust legislation, regulation, administ...",7802,8000,500,https://www.sec.gov/Archives/edgar/data/1045810/000104581025000023/nvda-20250126.htm,2025-09-14T02:48:14.709796
NVDA,risk_factors,10,16,"ur products, negatively impacting our business and financial results. Controls could negatively impact our cost and/or ability to provide services such as NVIDIA AI cloud services and could impact the...",7999,8000,500,https://www.sec.gov/Archives/edgar/data/1045810/000104581025000023/nvda-20250126.htm,2025-09-14T02:48:14.709796
NVDA,risk_factors,11,16," merit. The AI Diffusion IFR would encourage our customers to invest in alternatives that are not affected by USG regulations, including foreign competition. The AI Diffusion IFR would increase our an...",7896,8000,500,https://www.sec.gov/Archives/edgar/data/1045810/000104581025000023/nvda-20250126.htm,2025-09-14T02:48:14.709796
NVDA,risk_factors,12,16,"ting its sale. At the same time, such controls may increase investment in foreign competitors, which would be less likely to be restricted by U.S. controls. If additional products are subject to world...",7982,8000,500,https://www.sec.gov/Archives/edgar/data/1045810/000104581025000023/nvda-20250126.htm,2025-09-14T02:48:14.709796
NVDA,risk_factors,13,16,"nt costs to respond to, defend, and resolve such claims, and they may also divert the efforts and attention of management and technical personnel. We may commence legal proceedings to protect our IP r...",7946,8000,500,https://www.sec.gov/Archives/edgar/data/1045810/000104581025000023/nvda-20250126.htm,2025-09-14T02:48:14.709796
NVDA,risk_factors,14,16,"personal data from the EEA and U.K. to the United States. However, these mechanisms are subject to legal challenges, and there is no assurance that we can satisfy or rely on these measures to lawfully...",7785,8000,500,https://www.sec.gov/Archives/edgar/data/1045810/000104581025000023/nvda-20250126.htm,2025-09-14T02:48:14.709796
NVDA,risk_factors,15,16,"ly and will likely continue to face legal, administrative and regulatory proceedings, claims, demands and/or investigations involving shareholder, consumer, competition and/or other issues relating to...",2317,8000,500,https://www.sec.gov/Archives/edgar/data/1045810/000104581025000023/nvda-20250126.htm,2025-09-14T02:48:14.709796
SNPS,business,0,7,"Item 1. Business ##TABLE_END Company and Segment Overview Synopsys, Inc. (Synopsys, we, our or us) delivers trusted and comprehensive silicon to systems design solutions, from electronic design automa...",7751,8000,500,https://www.sec.gov/Archives/edgar/data/883241/000088324124000024/snps-20241031.htm,2025-09-14T02:48:18.116695
SNPS,business,1,7,"d route, and physical verification. Designers use our EDA products to accelerate and automate the chip design process, reduce errors and enable more powerful and robust designs, with improved producti...",6181,8000,500,https://www.sec.gov/Archives/edgar/data/883241/000088324124000024/snps-20241031.htm,2025-09-14T02:48:18.116695
SNPS,business,2,7,"ies and provides virtual prototyping, static and formal verification, simulation, emulation, FPGA-based prototyping and debug in a unified environment with verification IP, planning, and coverage tech...",7997,8000,500,https://www.sec.gov/Archives/edgar/data/883241/000088324124000024/snps-20241031.htm,2025-09-14T02:48:18.116695
SNPS,business,3,7,"es providing frequent updates to maintain the utilization of the software due to rapid changes in technology. In our Design Automation and Design IP segments, post-contract customer support for our ED...",7823,8000,500,https://www.sec.gov/Archives/edgar/data/883241/000088324124000024/snps-20241031.htm,2025-09-14T02:48:18.116695
SNPS,business,4,7," products and services, such as Cadence Design Systems, Inc. and Siemens EDA. We also compete with other EDA vendors, including new entrants to the marketplace, that offer products focused on one or m...",7895,8000,500,https://www.sec.gov/Archives/edgar/data/883241/000088324124000024/snps-20241031.htm,2025-09-14T02:48:18.116695
SNPS,business,5,7,"scal 2024, two new Employee Resource Groups were created: Caregivers and Parents ERG (CAPE) and the Synopsys Neurodiversity Group (SYNG), bringing our total number of ERGs to seven. Total Rewards Our ...",7998,8000,500,https://www.sec.gov/Archives/edgar/data/883241/000088324124000024/snps-20241031.htm,2025-09-14T02:48:18.116695
SNPS,business,6,7," in January 2024. He served as Chief Executive Officer from 1994 to 2012 and as Co-Chief Executive Officer with Dr. Chi-Foon Chan from May 2012 until April 2022, and Chief Executive Officer from April...",3071,8000,500,https://www.sec.gov/Archives/edgar/data/883241/000088324124000024/snps-20241031.htm,2025-09-14T02:48:18.116695
SNPS,risk_factors,0,12,"Item 1A. Risk Factors ##TABLE_END Risk Factor Summary Our business is subject to numerous risks and uncertainties. These risks include, but are not limited to, the following: Industry Risks &#8226; Un...",7919,8000,500,https://www.sec.gov/Archives/edgar/data/883241/000088324124000024/snps-20241031.htm,2025-09-14T02:48:19.941225
SNPS,risk_factors,1,12,"nductor industry, which may lead to increased competition or further disruption of international trade relationships, including, but not limited to, additional government trade restrictions. For more ...",7865,8000,500,https://www.sec.gov/Archives/edgar/data/883241/000088324124000024/snps-20241031.htm,2025-09-14T02:48:19.941225
SNPS,risk_factors,2,12,"technology solutions, including, for example, our current efforts in creating cloud computing and AI solutions, may not succeed. Semiconductor device functionality requirements continually increase wh...",7417,8000,500,https://www.sec.gov/Archives/edgar/data/883241/000088324124000024/snps-20241031.htm,2025-09-14T02:48:19.941225
SNPS,risk_factors,3,12,"d compliance obligations. We derive roughly half of our revenue from sales outside the United States, and we expect our orders and revenue to continue to depend on sales to customers outside the U.S. ...",6857,8000,500,https://www.sec.gov/Archives/edgar/data/883241/000088324124000024/snps-20241031.htm,2025-09-14T02:48:19.941225
SNPS,risk_factors,4,12,"ospective impact of exchange rate fluctuations. We may be unable to hedge all of our foreign currency risk, which could have a negative impact on our operating results. Our operating results may fluct...",5853,8000,500,https://www.sec.gov/Archives/edgar/data/883241/000088324124000024/snps-20241031.htm,2025-09-14T02:48:19.941225
SNPS,risk_factors,5,12,"Merger in the first half of calendar year 2025. We expect to make additional acquisitions and strategic investments in the future, but we may not find suitable acquisition or investment targets, or we...",7976,8000,500,https://www.sec.gov/Archives/edgar/data/883241/000088324124000024/snps-20241031.htm,2025-09-14T02:48:19.941225
SNPS,risk_factors,6,12,"own IT systems or data. In addition, if we select a vendor that uses cloud storage as part of their service or product offerings, or if we are selected as a vendor for our cloud-based solutions, our p...",7989,8000,500,https://www.sec.gov/Archives/edgar/data/883241/000088324124000024/snps-20241031.htm,2025-09-14T02:48:19.941225
SNPS,risk_factors,7,12," to respond to or comply with these rapidly evolving frameworks, and we may need to expend resources to adjust our offerings in certain jurisdictions if the legal frameworks are inconsistent across ju...",7409,8000,500,https://www.sec.gov/Archives/edgar/data/883241/000088324124000024/snps-20241031.htm,2025-09-14T02:48:19.941225
SNPS,risk_factors,8,12,"om us. Any such errors or delays in releasing new products or new versions of products or allegations of unsatisfactory performance could cause us to lose customers, increase our service costs, subjec...",7695,8000,500,https://www.sec.gov/Archives/edgar/data/883241/000088324124000024/snps-20241031.htm,2025-09-14T02:48:19.941225
SNPS,risk_factors,9,12,"d effectiveness of the registration statement on Form S-4 (File No. 333-277912) filed by us on March 14, 2024 and declared effective by the SEC on April 17, 2024 . As a result, the possible timing and...",7641,8000,500,https://www.sec.gov/Archives/edgar/data/883241/000088324124000024/snps-20241031.htm,2025-09-14T02:48:19.941225
SNPS,risk_factors,10,12,"r in simulation and analysis. Additionally, both Ansys and Synopsys compete with companies that increasingly provide integrated EDA and simulation and analysis offerings. These competitive pressures m...",7941,8000,500,https://www.sec.gov/Archives/edgar/data/883241/000088324124000024/snps-20241031.htm,2025-09-14T02:48:19.941225
SNPS,risk_factors,11,12,"siness, operating results or financial condition. Legal and Regulatory Risks Changes in tax laws and regulations or interpretations thereof, or any change in the application of existing laws and regul...",7778,8000,500,https://www.sec.gov/Archives/edgar/data/883241/000088324124000024/snps-20241031.htm,2025-09-14T02:48:19.941225
ORCL,business,0,8,Item 1. Business Oracle provides products and services that address enterprise information technology (IT) needs. Our products and services include enterprise applications and infrastructure offerings...,7912,8000,500,https://www.sec.gov/Archives/edgar/data/1341439/000095017025087926/orcl-20250531.htm,2025-09-14T02:48:23.364047
ORCL,business,1,8,rid and on-premise deployments. We believe that our Oracle Cloud Services offerings represent opportunities for us to continue to expand our cloud and license business. We believe that our customers i...,7701,8000,500,https://www.sec.gov/Archives/edgar/data/1341439/000095017025087926/orcl-20250531.htm,2025-09-14T02:48:23.364047
ORCL,business,2,8,nlimited access to course content delivered during the subscription period. We believe that the comprehensiveness and breadth of our cloud applications offerings differentiate us from many of our comp...,7696,8000,500,https://www.sec.gov/Archives/edgar/data/1341439/000095017025087926/orcl-20250531.htm,2025-09-14T02:48:23.364047
ORCL,business,3,8,s. We continue to invest in OCI to improve features and performance; to expand the catalog of cloud-based infrastructure tools and services that we provide; to increase the capacity and geographic foo...,7910,8000,500,https://www.sec.gov/Archives/edgar/data/1341439/000095017025087926/orcl-20250531.htm,2025-09-14T02:48:23.364047
ORCL,business,4,8,eliver our OCA and OCI offerings; for use as a cloud license by a number of cloud-based vendors as a component of their respective cloud offerings; for packaged and custom applications for transaction...,8000,8000,500,https://www.sec.gov/Archives/edgar/data/1341439/000095017025087926/orcl-20250531.htm,2025-09-14T02:48:23.364047
ORCL,business,5,8,rs&#8217; storage products. Certain of our storage products provide integration with Oracle Cloud Services for backup and archiving. &#160; &#160; Oracle Hardware Support Oracle hardware support offer...,7949,8000,500,https://www.sec.gov/Archives/edgar/data/1341439/000095017025087926/orcl-20250531.htm,2025-09-14T02:48:23.364047
ORCL,business,6,8," people, who we believe are among the best and brightest in the industry. We strive to attract and retain talented employees, to support our employees&#8217; success and well-being and to foster a cul...",7820,8000,500,https://www.sec.gov/Archives/edgar/data/1341439/000095017025087926/orcl-20250531.htm,2025-09-14T02:48:23.364047
ORCL,business,7,8,"cquisition of Cerner Corporation, we also face competition from large healthcare IT providers such as Allscripts Healthcare Solutions, Inc., Arcadia Solutions, athenahealth, Inc., Epic Systems Corpora...",7501,8000,500,https://www.sec.gov/Archives/edgar/data/1341439/000095017025087926/orcl-20250531.htm,2025-09-14T02:48:23.364047
ORCL,risk_factors,0,11,"Item 1A.R isk Factors We operate in rapidly changing economic and technological environments that present numerous risks, many of which are driven by factors that we cannot control or predict. The fol...",7773,8000,500,https://www.sec.gov/Archives/edgar/data/1341439/000095017025087926/orcl-20250531.htm,2025-09-14T02:48:25.190919
ORCL,risk_factors,1,11," revenues from these offerings are generally recognized ratably or as services are consumed over the terms of the subscriptions. Consequently, any deterioration in sales activity associated with our c...",7986,8000,500,https://www.sec.gov/Archives/edgar/data/1341439/000095017025087926/orcl-20250531.htm,2025-09-14T02:48:25.190919
ORCL,risk_factors,2,11,customers who might otherwise purchase our products and services by offering competing products and services on terms that we may not generally find acceptable. We could lose customers if our competit...,7943,8000,500,https://www.sec.gov/Archives/edgar/data/1341439/000095017025087926/orcl-20250531.htm,2025-09-14T02:48:25.190919
ORCL,risk_factors,3,11,"educed productivity while employees adjust to the restructuring. These types of restructurings may also lead to shortages of sufficiently skilled employees in certain roles, loss of valuable instituti...",5012,8000,500,https://www.sec.gov/Archives/edgar/data/1341439/000095017025087926/orcl-20250531.htm,2025-09-14T02:48:25.190919
ORCL,risk_factors,4,11,"on or other laws, and channel participants may violate such laws, all of which could subject us to litigation or regulatory risk and result in liability. Acquisitions present many risks and we may not...",7698,8000,500,https://www.sec.gov/Archives/edgar/data/1341439/000095017025087926/orcl-20250531.htm,2025-09-14T02:48:25.190919
ORCL,risk_factors,5,11,"tate-sponsored organizations, nation-states and individuals sponsored by them) to identify and exploit product and service vulnerabilities, penetrate or bypass our security measures, and gain unauthor...",7845,8000,500,https://www.sec.gov/Archives/edgar/data/1341439/000095017025087926/orcl-20250531.htm,2025-09-14T02:48:25.190919
ORCL,risk_factors,6,11,"e privacy of personal information can shift rapidly, in ways that may affect our reputation or influence regulators to enact regulations and laws that may limit our ability to provide certain products...",7952,8000,500,https://www.sec.gov/Archives/edgar/data/1341439/000095017025087926/orcl-20250531.htm,2025-09-14T02:48:25.190919
ORCL,risk_factors,7,11,"m, including the implementation of a 15% minimum tax in over 50 countries, as well as proposed changes that would provide greater taxing rights to market jurisdictions where customers or users are loc...",7994,8000,500,https://www.sec.gov/Archives/edgar/data/1341439/000095017025087926/orcl-20250531.htm,2025-09-14T02:48:25.190919
ORCL,risk_factors,8,11," securities regulations and being unable to exert full control that we would otherwise have if these entities were wholly-owned subsidiaries. The healthcare industry is highly regulated, and thus, we ...",7903,8000,500,https://www.sec.gov/Archives/edgar/data/1341439/000095017025087926/orcl-20250531.htm,2025-09-14T02:48:25.190919
ORCL,risk_factors,9,11,"ubject us to significant liability, including fines, penalties and possible prohibition of sales of our products and services in certain regions. Additionally, new or updated regulated disclosure requ...",7893,8000,500,https://www.sec.gov/Archives/edgar/data/1341439/000095017025087926/orcl-20250531.htm,2025-09-14T02:48:25.190919
ORCL,risk_factors,10,11,"ness operations, generate sufficient cash flows to service such debt and the other factors discussed in this Risk Factors section. There can be no assurance that we will be able to manage any of these...",7768,8000,500,https://www.sec.gov/Archives/edgar/data/1341439/000095017025087926/orcl-20250531.htm,2025-09-14T02:48:25.190919
